{"Log-Gabor": 0.0014318825650270206, "DTCWT": 0.28107820413769413, "SIFT": 0.1574624431281656}